INSERT INTO users (id, username, password, role) VALUES
(1, 'admin@email.com', '$2a$12$FqgCHaIfbdV5zdJ7i8NVEOL1XMybVlH9L3Kt3Owb1ED1NFKqOCxyO', 'ROLE_ADMIN'),
(2, 'bob@email.com', '$2a$12$FqgCHaIfbdV5zdJ7i8NVEOL1XMybVlH9L3Kt3Owb1ED1NFKqOCxyO', 'ROLE_CLIENT'),
(3, 'charlie@email.com', '$2a$12$FqgCHaIfbdV5zdJ7i8NVEOL1XMybVlH9L3Kt3Owb1ED1NFKqOCxyO', 'ROLE_CLIENT'),
(4, 'diana@email.com', '$2a$12$FqgCHaIfbdV5zdJ7i8NVEOL1XMybVlH9L3Kt3Owb1ED1NFKqOCxyO', 'ROLE_CLIENT'),
(5, 'edward@email.com', '$2a$12$FqgCHaIfbdV5zdJ7i8NVEOL1XMybVlH9L3Kt3Owb1ED1NFKqOCxyO', 'ROLE_CLIENT'),
(6, 'fiona@email.com', '$2a$12$FqgCHaIfbdV5zdJ7i8NVEOL1XMybVlH9L3Kt3Owb1ED1NFKqOCxyO', 'ROLE_CLIENT'),
(7, 'george@email.com', '$2a$12$FqgCHaIfbdV5zdJ7i8NVEOL1XMybVlH9L3Kt3Owb1ED1NFKqOCxyO', 'ROLE_CLIENT'),
(8, 'hannah@email.com', '$2a$12$FqgCHaIfbdV5zdJ7i8NVEOL1XMybVlH9L3Kt3Owb1ED1NFKqOCxyO', 'ROLE_CLIENT'),
(9, 'ivan@email.com', '$2a$12$FqgCHaIfbdV5zdJ7i8NVEOL1XMybVlH9L3Kt3Owb1ED1NFKqOCxyO', 'ROLE_CLIENT'),
(10, 'julia@email.com', '$2a$12$FqgCHaIfbdV5zdJ7i8NVEOL1XMybVlH9L3Kt3Owb1ED1NFKqOCxyO', 'ROLE_CLIENT');

INSERT INTO clients (id, birthday, cpf, phone, rg, name, user_id) VALUES
(1, '2000-01-01', 11111111111, 11111111111, 111111111, 'Admin', 1),
(2, '2000-02-02', 22222222222, 222222222, 222222222, 'Bob', 2),
(3, '2000-03-03', 33333333333, 33333333333, 333333333, 'Charlie', 3),
(4, '2000-04-04', 44444444444, 44444444444, 444444444, 'Diana', 4),
(5, '2000-05-05', 55555555555, 55555555555, 555555555, 'Edward', 5),
(6, '2000-06-06', 66666666666, 66666666666, 666666666, 'Fiona', 6),
(7, '2000-07-07', 77777777777, 77777777777, 777777777, 'George', 7),
(8, '2000-08-08', 88888888888, 88888888888, 888888888, 'Hannah', 8),
(9, '2000-09-09', 99999999999, 99999999999, 999999999, 'Ivan', 9),
(10, '2000-10-10', 12345678911, 71999668922, 123456789, 'Julia', 10);

INSERT INTO tasks (id, name, description, dueDate, status, client_id) VALUES
(1, 'Task 1', 'Description of Task 1', '2025-08-01', 'STANDARD', 2),
(2, 'Task 2', 'Description of Task 2', '2025-08-05', 'STANDARD', 2),
(3, 'Task 3', 'Description of Task 3', '2025-08-10', 'STANDARD', 2),
(4, 'Task 4', 'Description of Task 4', '2025-08-15', 'STANDARD', 2),
(5, 'Task 5', 'Description of Task 5', '2025-08-20', 'STANDARD', 2),
(6, 'Task 6', 'Description of Task 6', '2025-08-01', 'STANDARD', 3),
(7, 'Task 7', 'Description of Task 7', '2025-08-02', 'STANDARD', 3),
(8, 'Task 8', 'Description of Task 8', '2025-08-03', 'STANDARD', 3),
(9, 'Task 9', 'Description of Task 9', '2025-08-04', 'STANDARD', 3),
(10, 'Task 10', 'Description of Task 10', '2025-08-05', 'STANDARD', 3),
(11, 'Task 11', 'Description of Task 11', '2025-08-06', 'STANDARD', 4),
(12, 'Task 12', 'Description of Task 12', '2025-08-07', 'STANDARD', 4),
(13, 'Task 13', 'Description of Task 13', '2025-08-08', 'STANDARD', 4),
(14, 'Task 14', 'Description of Task 14', '2025-08-09', 'STANDARD', 4),
(15, 'Task 15', 'Description of Task 15', '2025-08-10', 'STANDARD', 4),
(16, 'Task 16', 'Description of Task 16', '2025-08-11', 'STANDARD', 5),
(17, 'Task 17', 'Description of Task 17', '2025-08-12', 'STANDARD', 5),
(18, 'Task 18', 'Description of Task 18', '2025-08-13', 'STANDARD', 5),
(19, 'Task 19', 'Description of Task 19', '2025-08-14', 'STANDARD', 5),
(20, 'Task 20', 'Description of Task 20', '2025-08-15', 'STANDARD', 5),
(21, 'Task 21', 'Description of Task 21', '2025-08-16', 'STANDARD', 6),
(22, 'Task 22', 'Description of Task 22', '2025-08-17', 'STANDARD', 6),
(23, 'Task 23', 'Description of Task 23', '2025-08-18', 'STANDARD', 6),
(24, 'Task 24', 'Description of Task 24', '2025-08-19', 'STANDARD', 6),
(25, 'Task 25', 'Description of Task 25', '2025-08-20', 'STANDARD', 6),
(26, 'Task 26', 'Description of Task 26', '2025-08-21', 'STANDARD', 7),
(27, 'Task 27', 'Description of Task 27', '2025-08-22', 'STANDARD', 7),
(28, 'Task 28', 'Description of Task 28', '2025-08-23', 'STANDARD', 7),
(29, 'Task 29', 'Description of Task 29', '2025-08-24', 'STANDARD', 7),
(30, 'Task 30', 'Description of Task 30', '2025-08-25', 'STANDARD', 7),
(31, 'Task 31', 'Description of Task 31', '2025-08-26', 'STANDARD', 8),
(32, 'Task 32', 'Description of Task 32', '2025-08-27', 'STANDARD', 8),
(33, 'Task 33', 'Description of Task 33', '2025-08-28', 'STANDARD', 8),
(34, 'Task 34', 'Description of Task 34', '2025-08-29', 'STANDARD', 8),
(35, 'Task 35', 'Description of Task 35', '2025-08-30', 'STANDARD', 8),
(36, 'Task 36', 'Description of Task 36', '2025-09-01', 'STANDARD', 9),
(37, 'Task 37', 'Description of Task 37', '2025-09-02', 'STANDARD', 9),
(38, 'Task 38', 'Description of Task 38', '2025-09-03', 'STANDARD', 9),
(39, 'Task 39', 'Description of Task 39', '2025-09-04', 'STANDARD', 9),
(40, 'Task 40', 'Description of Task 40', '2025-09-05', 'STANDARD', 9),
(41, 'Task 41', 'Description of Task 41', '2025-09-06', 'STANDARD', 10),
(42, 'Task 42', 'Description of Task 42', '2025-09-07', 'STANDARD', 10),
(43, 'Task 43', 'Description of Task 43', '2025-09-08', 'STANDARD', 10),
(44, 'Task 44', 'Description of Task 44', '2025-09-09', 'STANDARD', 10),
(45, 'Task 45', 'Description of Task 45', '2025-09-10', 'STANDARD', 10);